{
  "model_path": "models/classical_classifier.joblib",
  "features_path": "results/classical_features.csv",
  "n_samples": 3920,
  "n_train": 3136,
  "n_test": 784,
  "test_size": 0.2,
  "accuracy": 0.7869897959183674,
  "precision_drowsy": 0.8486997635933806,
  "recall_drowsy": 0.7770562770562771,
  "f1_drowsy": 0.8112994350282486,
  "roc_auc": 0.8939998924470974,
  "classification_report": {
    "alert": {
      "precision": 0.7146814404432132,
      "recall": 0.8012422360248447,
      "f1-score": 0.7554904831625183,
      "support": 322.0
    },
    "drowsy": {
      "precision": 0.8486997635933806,
      "recall": 0.7770562770562771,
      "f1-score": 0.8112994350282486,
      "support": 462.0
    },
    "accuracy": 0.7869897959183674,
    "macro avg": {
      "precision": 0.781690602018297,
      "recall": 0.7891492565405609,
      "f1-score": 0.7833949590953835,
      "support": 784.0
    },
    "weighted avg": {
      "precision": 0.7936565237281333,
      "recall": 0.7869897959183674,
      "f1-score": 0.7883779012262523,
      "support": 784.0
    }
  }
}